,count,mean,std,min,25%,50%,75%,max
math_scores,4.0,42.0,2.160246899469287,40.0,40.75,41.5,42.75,45.0
bio_scores,4.0,51.25,20.966242709015205,30.0,41.25,47.5,57.5,80.0
history_score,4.0,88.75,8.539125638299666,80.0,83.75,87.5,92.5,100.0
physics_scores,4.0,68.25,20.467453839368165,45.0,54.75,69.0,82.5,90.0
total_score,4.0,250.25,4.112987559751022,245.0,248.75,250.5,252.0,255.0
average_score,4.0,62.5625,1.0282468899377555,61.25,62.1875,62.625,63.0,63.75
